{"cacheVersion":293,"page":{"id":"dd6dab45-fd1f-4516-bf2c-4c20ece7a70a","paths":{"en":"html_pdf/{{organization_id|}}/{{site_id|}}","default":"html_pdf/{{organization_id|}}/{{site_id|}}"},"cmsDataSetPath":null,"workflows":[{"id":"d1e9509d-c948-4877-bdaa-f3bf1e0ec73c","name":"Print PDF","actions":{"12ad810a-bed3-4ee6-a933-48eafe772100":{"id":"12ad810a-bed3-4ee6-a933-48eafe772100","next":"64d5db84-6e30-4cb3-af5a-4eab57322da4","type":"wait","value":500},"64d5db84-6e30-4cb3-af5a-4eab57322da4":{"id":"64d5db84-6e30-4cb3-af5a-4eab57322da4","type":"print-pdf"}},"trigger":"onload","firstAction":"12ad810a-bed3-4ee6-a933-48eafe772100"}]},"sections":{"c84c4a9b-14fa-437b-ae46-8158aa2263d4":{"uid":"c84c4a9b-14fa-437b-ae46-8158aa2263d4","linkId":"b2978150-6c84-4dbb-8dd0-0ff7b59eb10a","_state":{"style":{"default":{"width":"880px"}}},"content":{"default":{"wwObjects":[{"uid":"c442f870-e640-4f24-a090-046d2ba6c39b","isWwObject":true}],"_ww-layout_alignItems":"flex-start","_ww-layout_flexDirection":"column"}},"sectionBaseId":"99586bd3-2b15-4d6b-a025-6a50d07ca845","sectionTitle":"Content"}},"wwObjects":{"c442f870-e640-4f24-a090-046d2ba6c39b":{"uid":"c442f870-e640-4f24-a090-046d2ba6c39b","_state":{"style":{"default":{"width":"100%","display":"flex","padding":"0 40px"}}},"content":{"default":{"children":[{"uid":"0fb9c22f-dfcd-4511-82a4-0bbabab5ba13","isWwObject":true}],"_ww-layout_flexDirection":"column"}},"name":"Container","wwObjectBaseId":"b783dc65-d528-4f74-8c14-e27c934c39b1","libraryComponentBaseId":null,"parentSectionId":"c84c4a9b-14fa-437b-ae46-8158aa2263d4"},"0fb9c22f-dfcd-4511-82a4-0bbabab5ba13":{"uid":"0fb9c22f-dfcd-4511-82a4-0bbabab5ba13","_state":{"style":{"default":{"width":"100%","height":"unset","aspectRatio":1}},"interactions":[{"id":"cd5118ef-8528-455b-9eca-6f4f450fe066","actions":{"b59ecb04-cec3-45fe-ac41-e037fe1c1577":{"id":"b59ecb04-cec3-45fe-ac41-e037fe1c1577","type":"previous-page","pageId":"dbb5563f-2a0a-496e-9f5f-e33d4b8ad057"}},"trigger":"click","firstAction":"b59ecb04-cec3-45fe-ac41-e037fe1c1577"}]},"content":{"default":{"source":{"code":"variables['2c42d66f-d410-4321-bf65-498ce4e2475c']","__wwtype":"f","defaultValue":""},"refreshOnResize":true}},"name":null,"wwObjectBaseId":"6d692ca2-6cdc-4805-aa0c-211102f335d0","libraryComponentBaseId":null,"parentSectionId":"c84c4a9b-14fa-437b-ae46-8158aa2263d4"}},"collections":[{"id":"05068152-1625-4198-893f-05cb58b4cd4a","designId":"e42ec063-c320-42fa-a778-8de24ec07380","settingsId":"e4350838-371c-4591-a534-ff6baf9cc630","pluginId":"f9ef41c3-1c53-4857-855b-f2f6a40b7186","type":"single","name":"Current Location","displayBy":null,"lastSyncDate":null,"config":{"table":"locations","dataFields":[],"fieldsMode":"guided","isAutoFetch":true,"primaryData":["id"],"isPersistentOnNav":true,"dataFieldsAdvanced":""},"error":null,"limit":null,"mode":"dynamic","filter":{"link":"$and","conditions":[{"field":"id","value":{"code":"variables['112a9888-9c0b-41e6-9632-1271552e09c4']","__wwtype":"f"},"operator":"$eq"}]},"sort":[],"isSyncing":false,"needSync":false,"fields":{},"folder":"General/","description":null,"createdAt":"2024-10-20T15:48:03.159Z","updatedAt":"2024-10-20T15:48:05.026Z","data":{}},{"id":"42da0dab-62f9-43c0-8567-40fc4d9c5286","designId":"e42ec063-c320-42fa-a778-8de24ec07380","settingsId":"e4350838-371c-4591-a534-ff6baf9cc630","pluginId":"f9ef41c3-1c53-4857-855b-f2f6a40b7186","type":"single","name":"Tags","displayBy":null,"lastSyncDate":null,"config":{"table":"mediverse_tags","dataFields":["name","id","description","color"],"fieldsMode":"guided","isAutoFetch":true,"primaryData":["id"],"isPersistentOnNav":true,"dataFieldsAdvanced":""},"error":null,"limit":{"code":"variables['6076f634-1556-4396-a3d6-8afa55016dda']*variables['8dc60cbf-be60-47d7-960b-fe6dabf921eb']","name":"Copy of formula","sort":[],"type":"f","filter":{},"__wwtype":"f"},"mode":"dynamic","filter":{"link":"$and","conditions":[{"if":{"code":"wwFormulas.if(variables['5e348a58-911e-4a3c-9c0b-da59e19d9755'],true,false)","__wwtype":"f"},"link":"$or","conditions":[{"field":"name","value":{"code":"variables['5e348a58-911e-4a3c-9c0b-da59e19d9755']","__wwtype":"f"},"operator":"$iLike:contains"}]}]},"sort":[{"key":"name","direction":"ASC"}],"isSyncing":false,"needSync":false,"fields":{},"folder":"General/","description":null,"createdAt":"2024-10-20T15:48:03.159Z","updatedAt":"2024-10-20T15:48:11.509Z","data":{}},{"id":"465c849d-46a0-4cbc-8b9c-ed09fcebf4a8","designId":"e42ec063-c320-42fa-a778-8de24ec07380","settingsId":"e4350838-371c-4591-a534-ff6baf9cc630","pluginId":"f9ef41c3-1c53-4857-855b-f2f6a40b7186","type":"single","name":"Current User","displayBy":null,"lastSyncDate":null,"config":{"table":"users","dataFields":[],"fieldsMode":"guided","isAutoFetch":true,"primaryData":["id"],"isPersistentOnNav":true,"dataFieldsAdvanced":""},"error":null,"limit":1,"mode":"dynamic","filter":{"link":"$and","conditions":[{"field":"id","value":{"code":"pluginVariables['1fa0dd68-5069-436c-9a7d-3b54c340f1fa']['user']?.['id']","__wwtype":"f"},"operator":"$eq"}]},"sort":[],"isSyncing":false,"needSync":false,"fields":{},"folder":"General/","description":null,"createdAt":"2024-10-20T15:48:03.159Z","updatedAt":"2024-10-20T15:48:08.860Z","data":{}},{"id":"44661e0c-f326-463b-bbe5-b4db8f9c2e8a","designId":"e42ec063-c320-42fa-a778-8de24ec07380","settingsId":"e4350838-371c-4591-a534-ff6baf9cc630","pluginId":"f9ef41c3-1c53-4857-855b-f2f6a40b7186","type":"single","name":"Current Site","displayBy":null,"lastSyncDate":null,"config":{"table":"sites","dataFields":[],"fieldsMode":"guided","isAutoFetch":true,"primaryData":["id"],"isPersistentOnNav":true,"dataFieldsAdvanced":""},"error":null,"limit":1,"mode":"dynamic","filter":{"link":"$and","conditions":[{"field":"id","value":{"code":"collections['465c849d-46a0-4cbc-8b9c-ed09fcebf4a8']?.['data']?.[0]?.['site_id']","__wwtype":"f"},"operator":"$eq"}]},"sort":[],"isSyncing":false,"needSync":false,"fields":{},"folder":"General/","description":null,"createdAt":"2024-10-20T15:48:03.159Z","updatedAt":"2024-10-20T15:48:09.101Z","data":{}},{"id":"f4f5a4de-8d3b-4a63-84ef-e67b31843b4e","designId":"e42ec063-c320-42fa-a778-8de24ec07380","settingsId":"e4350838-371c-4591-a534-ff6baf9cc630","pluginId":"f9ef41c3-1c53-4857-855b-f2f6a40b7186","type":"single","name":"Current Test's Param Map","displayBy":null,"lastSyncDate":null,"config":{"table":"laboratory_tests_and_parameters_map","dataFields":[],"fieldsMode":"advanced","isAutoFetch":true,"primaryData":["id"],"isPersistentOnNav":true,"dataFieldsAdvanced":"id,\nserial_number,\ntest_id,\nlab_test : test_id (*),\nparameter : parameter_id (*),\nbuild_element_position,\ncreated_at,\ncreator : created_by (*)"},"error":null,"limit":null,"mode":"dynamic","filter":{"link":"$and","conditions":[{"field":"test_id","value":{"code":"variables['3a6e78b3-7df3-426f-a25d-35e52581f578']?.['id']","__wwtype":"f"},"operator":"$eq"}]},"sort":[{"key":"build_element_position","direction":"ASC"}],"isSyncing":false,"needSync":false,"fields":{},"folder":"Laboratory/","description":null,"createdAt":"2024-10-20T15:48:03.159Z","updatedAt":"2025-06-24T17:38:04.364Z","data":{}}],"variables":[{"id":"44e8065c-8564-4c2d-9510-98089637e061","type":"query","name":"queryLocation","defaultValue":"","isLocalStorage":false,"isPersistentOnNav":false},{"id":"8dc60cbf-be60-47d7-960b-fe6dabf921eb","type":"number","name":"table_page_size","defaultValue":10,"isLocalStorage":false,"isPersistentOnNav":true},{"id":"67c815b0-53fa-496c-82ac-e638bc8a30cd","type":"number","name":"App Version","defaultValue":1711523316908,"isLocalStorage":true,"isPersistentOnNav":true},{"id":"6105919a-0e63-40c1-9a73-e361677d245d","type":"boolean","name":"outgoing_call_notice","defaultValue":false,"isLocalStorage":false,"isPersistentOnNav":true},{"id":"0fdc6645-f4a6-40d8-b7f0-b328ecb5da35","type":"boolean","name":"incoming_call_notice","defaultValue":false,"isLocalStorage":false,"isPersistentOnNav":true},{"id":"bd4c1200-672b-4818-84f1-3daeb28a0aff","type":"object","name":"alert","defaultValue":{"icon":"icon-information-circle","title":"We’ve just released a new feature","ctaLink":"https://www.weweb.io/changelog","ctaText":"View changes","display":true,"displayCta":true,"description":"Lorem ipsum dolor sit amet consectetur adipisicing elit. Aliquid pariatur, ipsum similique veniam.","primaryColor":"#1D4ED8","secondaryColor":"#2563EB","backgroundColor":"#EFF6FF"},"isLocalStorage":false,"isPersistentOnNav":true},{"id":"2c42d66f-d410-4321-bf65-498ce4e2475c","type":"string","name":"currentID","defaultValue":"","isLocalStorage":false,"isPersistentOnNav":true},{"id":"112a9888-9c0b-41e6-9632-1271552e09c4","type":"string","name":"currentLocationID","defaultValue":"","isLocalStorage":true,"isPersistentOnNav":true},{"id":"1419220b-592b-438a-ba3a-03f47962f1f9","type":"object","name":"currentPatient","defaultValue":{},"isLocalStorage":false,"isPersistentOnNav":false},{"id":"5e348a58-911e-4a3c-9c0b-da59e19d9755","type":"string","name":"currentSearch","defaultValue":"","isLocalStorage":false,"isPersistentOnNav":false},{"id":"d60b64b4-b4fb-4cbf-978f-6b6c97298d4b","type":"object","name":"currentTest","defaultValue":{},"isLocalStorage":false,"isPersistentOnNav":false},{"id":"3a6e78b3-7df3-426f-a25d-35e52581f578","type":"object","name":"currentObject","defaultValue":{},"isLocalStorage":false,"isPersistentOnNav":false},{"id":"6076f634-1556-4396-a3d6-8afa55016dda","type":"number","name":"paginator","defaultValue":1,"isLocalStorage":false,"isPersistentOnNav":true},{"id":"2a7a3077-ca70-4a3c-a6d6-d8fcc8415462","type":"boolean","name":"showPassword","defaultValue":false,"isLocalStorage":false,"isPersistentOnNav":true},{"id":"42ee7908-6307-4791-beb6-6ef059a97e4f","type":"array","name":"currentList 2","defaultValue":[],"isLocalStorage":false,"isPersistentOnNav":false},{"id":"ea7e8261-3ffc-430a-911f-0a249b9b7fbc","type":"array","name":"currentList 3","defaultValue":[],"isLocalStorage":false,"isPersistentOnNav":false},{"id":"560f878d-77d0-4e02-b272-53c0860c3a98","type":"array","name":"WhatsApp Templates","defaultValue":[{"id":"HXcf98ec3b3b051ac2f212448db355ca72","name":"appointment_link"},{"id":"HXbe34c75b3022b4592fe12598167e9ebb","name":"appointment_reminder"},{"id":"HX17594aa09f656436d126459906be296b","name":"local_purchase_order"},{"id":"HX8c30ebf6b52650f17403f7d6412fc2c8","name":"booking_payment_receipt"},{"id":"HX902086304d93c9f6c92e521a5c4d27af","name":"account_folder_creation"},{"id":"HXb6375ab1cee6b57de3f27a64ab7c41e6","name":"booking_order_completed"},{"id":"HX7b800f99d649a827052c6c189bc1d7a0","name":"booking_order_confirmation"},{"id":"HX1374c77e799a4f267ec74b9230d73b5e","name":"booking_order_completed_2"},{"id":"HXa1b5e3ad673630ca808a2a671299cd52","name":"otp_verification_mediverse"},{"id":"HX2acdcac68155765d094cce68cc9330a8","name":"booking_order_by_upload"}],"isLocalStorage":true,"isPersistentOnNav":true},{"id":"ecc4328b-8dca-4879-b6f8-867ec86687af","type":"string","name":"Old Location ID","defaultValue":"","isLocalStorage":false,"isPersistentOnNav":false},{"id":"4d656ed7-465d-4143-a70f-c0a776d4faf0","type":"object","name":"Presence State","defaultValue":{},"isLocalStorage":false,"isPersistentOnNav":true},{"id":"99601674-caff-4a59-8b4b-82475012119b","type":"array","name":"Current Booking Machine Results","defaultValue":[],"isLocalStorage":false,"isPersistentOnNav":false}],"workflows":[{"id":"ff9207f5-4980-4011-8b3b-e8b7d770f61c","parameters":[{"name":"type","type":"string"},{"name":"title","type":"string"},{"name":"description","type":"string"},{"name":"cta","type":"boolean"},{"name":"cta text","type":"string"},{"name":"cta link","type":"string"},{"name":"display","type":"boolean"},{"name":"delay (ms)","type":"number"},{"name":"avatar","type":"string"},{"name":"gravity","type":"string"},{"name":"position","type":"string"},{"name":"Sound On","type":"boolean"},{"name":"Sound URL","type":"string"}],"actions":{"null":{"id":"ceefd705-6611-44d7-9385-7c00fa3900e5","name":"Update alert variable","type":"variable","varId":"bd4c1200-672b-4818-84f1-3daeb28a0aff","usePath":false,"varValue":{"code":"wwFormulas.createObject(\"title\",context.parameters['title'],\"description\",context.parameters['description'],\"displayCta\",context.parameters['cta'],\"ctaText\",context.parameters['cta text'],\"ctaLink\",context.parameters['cta link'],\"display\",context.parameters['display'],\"backgroundColor\",\"#FEF2F2\",\"primaryColor\",\"#B91C1C\",\"secondaryColor\",\"#DC2626\",\"icon\",\"icon-information-circle\")","__wwtype":"f"}},"1ddecfc4-0654-4013-967d-a34027d3ebe9":{"id":"1ddecfc4-0654-4013-967d-a34027d3ebe9","code":"function showToast(context = {}) {\r\n  /* ------------ parameters & palette (unchanged) ------------------- */\r\n  const p        = (k, d) => context.parameters?.[k] ?? d;\r\n  const type     = p('type', 'info').toLowerCase();\r\n  const titleTxt = p('title', '') || '';\r\n  const bodyTxt  = p('description', '');\r\n  const delay    = Number(p('delay (ms)', 3000));\r\n  const hasCTA   = !!p('cta', false);\r\n  const ctaText  = p('cta text', 'Open');\r\n  const ctaLink  = p('cta link', '#');\r\n  const avatar   = p('avatar', '').trim();\r\n  const gravity  = p('gravity',  'bottom');\r\n  const position = p('position', 'center');\r\n\r\n  if (!titleTxt && !bodyTxt) return console.warn('Toast cancelled – title or description required.');\r\n\r\n  const palette = {\r\n    info:    { bg:'#e8f1ff', fg:'#3073ff', icon:'ℹ'  },\r\n    success: { bg:'#e6f9ed', fg:'#1ca968', icon:'✅' },\r\n    warning: { bg:'#fff6e5', fg:'#ff9600', icon:'⚠'  },\r\n    error:   { bg:'#ffecec', fg:'#ff3030', icon:'⛔'  },\r\n  }[type];\r\n\r\n  /* ------------ build node ----------------------------------------- */\r\n  const doc  = wwLib.getFrontDocument();\r\n  const node = doc.createElement('div');\r\n  node.style.cssText = `\r\n    display:flex; align-items:flex-start; gap:.75rem;\r\n    max-width:min(90vw,420px); width:100%;\r\n    padding:.75rem 1rem; border-radius:.5rem;\r\n    background:${palette.bg}; color:#1c1d1f;\r\n    font-family:system-ui,-apple-system,Segoe UI,Roboto,Helvetica,Arial,sans-serif;\r\n    box-shadow:0 3px 12px rgba(0,0,0,.12);\r\n    position:relative;\r\n  `;\r\n\r\n  /* icon / avatar */\r\n  const iconWrap = doc.createElement('div');\r\n  iconWrap.style.cssText = `font-size:1.25rem; line-height:1.25rem; flex-shrink:0;`;\r\n  if (avatar) {\r\n    const img = doc.createElement('img');\r\n    img.src   = avatar;\r\n    img.alt   = '';\r\n    img.style.cssText = `width:1.25rem;height:1.25rem;object-fit:cover;border-radius:9999px;`;\r\n    iconWrap.appendChild(img);\r\n  } else {\r\n    iconWrap.textContent = palette.icon;\r\n    iconWrap.style.color = palette.fg;\r\n  }\r\n  node.appendChild(iconWrap);\r\n\r\n  /* text */\r\n  const textWrap = doc.createElement('div');\r\n  textWrap.style.cssText = `flex:1 1 auto; min-width:0;`;\r\n  if (titleTxt) {\r\n    const h = doc.createElement('div');\r\n    h.textContent = titleTxt;\r\n    h.style.cssText = `font-weight:600;font-size:.95rem;`;\r\n    textWrap.appendChild(h);\r\n  }\r\n  if (bodyTxt) {\r\n    const d = doc.createElement('div');\r\n    d.textContent = bodyTxt;\r\n    d.style.cssText = `margin-top:2px;font-size:.85rem;opacity:.85;`;\r\n    textWrap.appendChild(d);\r\n  }\r\n  if (hasCTA && ctaText && ctaLink) {\r\n    const a  = doc.createElement('a');\r\n    a.href   = ctaLink;\r\n    a.target = '_blank';\r\n    a.rel    = 'noopener';\r\n    a.textContent = ctaText;\r\n    a.style.cssText = `display:inline-block;margin-top:6px;font-size:.8rem;font-weight:500;color:${palette.fg};text-decoration:underline;`;\r\n    textWrap.appendChild(a);\r\n  }\r\n  node.appendChild(textWrap);\r\n\r\n  /* ------------ custom close button  🆕 ----------------------------- */\r\n  const btn = doc.createElement('button');\r\n  btn.type  = 'button';\r\n  btn.setAttribute('aria-label', 'Close');\r\n  btn.textContent = '✕';\r\n  btn.style.cssText = `\r\n    position:absolute; top:6px; right:8px;\r\n    border:none; background:transparent; font-size:1rem;\r\n    color:#555; cursor:pointer; line-height:1;\r\n  `;\r\n  node.appendChild(btn);\r\n\r\n  /* ------------ create toast & bind close  -------------------------- */\r\n  const toast = Toastify({\r\n    node,\r\n    duration : delay,\r\n    gravity  : gravity,\r\n    position : position,\r\n    stopOnFocus : true,\r\n    close    : false,  \r\n    style    : { background:'transparent', boxShadow:'none' },\r\n    onClick  : () => {},\r\n  });\r\n\r\n  // show & keep instance\r\n  toast.showToast();\r\n\r\n  // wire our button -> hideToast   🆕\r\n  btn.addEventListener('click', () => toast.hideToast());\r\n}\r\n\r\n/* call from a WeWeb action */\r\nreturn showToast(context);\r\n","name":"Call Toastify in Prod/Stag","type":"custom-js"},"3009e066-7bf5-459f-ae17-0e49d5e6a732":{"id":"3009e066-7bf5-459f-ae17-0e49d5e6a732","name":"Close Alert","path":"display","type":"variable","varId":"bd4c1200-672b-4818-84f1-3daeb28a0aff","usePath":true,"varValue":false},"31b79d93-05ec-4b27-8195-a42ceb05644c":{"id":"31b79d93-05ec-4b27-8195-a42ceb05644c","name":"Sounded Notification?","next":"7dc09432-4d27-470b-a4ca-cfbe9f9ce7fa","type":"if","value":{"code":"context.parameters['Sound On']","__wwtype":"f"},"branches":[{"id":"b9605021-8884-4a7d-ade7-50b6d7dc8c58","value":true},{"id":"b9dd59c3-5190-4d68-9805-81b2da610366","value":false}]},"31bf692f-e1e5-4d93-9992-7598b3cc6c79":{"id":"31bf692f-e1e5-4d93-9992-7598b3cc6c79","name":"Wait","next":"3009e066-7bf5-459f-ae17-0e49d5e6a732","type":"wait","value":{"code":"context.parameters['delay (ms)']","__wwtype":"f"}},"4012a666-8db0-4d27-a7f5-23ec09832bf0":{"id":"4012a666-8db0-4d27-a7f5-23ec09832bf0","name":"Update alert variable","type":"variable","varId":"bd4c1200-672b-4818-84f1-3daeb28a0aff","usePath":false,"varValue":{"code":"wwFormulas.createObject(\"title\",context.parameters['title'],\"description\",context.parameters['description'],\"displayCta\",context.parameters['cta'],\"ctaText\",context.parameters['cta text'],\"ctaLink\",context.parameters['cta link'],\"display\",context.parameters['display'],\"backgroundColor\",\"#F6FEF9\",\"primaryColor\",\"#047857\",\"secondaryColor\",\"#059669\",\"icon\",\"icon-check-circle\")","__wwtype":"f"}},"7dc09432-4d27-470b-a4ca-cfbe9f9ce7fa":{"id":"7dc09432-4d27-470b-a4ca-cfbe9f9ce7fa","name":"Editor or Live (native vs toastify)","type":"if","value":{"code":"(wwFormulas.split(globalContext.browser?.['domain'],\".\")[1]==\"weweb\")||(wwFormulas.if(context.parameters['type'],false,true))","name":"Copy of formula","type":"f","__wwtype":"f"},"branches":[{"id":"f44d1caa-1dd1-469c-aaa4-1ff39c742d5e","value":true},{"id":"1ddecfc4-0654-4013-967d-a34027d3ebe9","value":false}]},"b9605021-8884-4a7d-ade7-50b6d7dc8c58":{"id":"b9605021-8884-4a7d-ade7-50b6d7dc8c58","name":"Play sound","type":"return","value":{"code":"formulas['5adfda89-36b2-44cc-8e8e-bd09bf0b7690'](context.parameters['Sound URL'])","__wwtype":"f"}},"b9dd59c3-5190-4d68-9805-81b2da610366":{"id":"b9dd59c3-5190-4d68-9805-81b2da610366","name":"Do nothing","disabled":true},"ceefd705-6611-44d7-9385-7c00fa3900e5":{"id":"ceefd705-6611-44d7-9385-7c00fa3900e5","name":"Update alert variable","type":"variable","varId":"bd4c1200-672b-4818-84f1-3daeb28a0aff","usePath":false,"varValue":{"code":"wwFormulas.createObject(\"title\",context.parameters['title'],\"description\",context.parameters['description'],\"displayCta\",context.parameters['cta'],\"ctaText\",context.parameters['cta text'],\"ctaLink\",context.parameters['cta link'],\"display\",context.parameters['display'],\"backgroundColor\",\"#FEF2F2\",\"primaryColor\",\"#B91C1C\",\"secondaryColor\",\"#DC2626\",\"icon\",\"icon-exclamation\")","__wwtype":"f"}},"d90b9bf6-648d-4df7-8ce1-2af85b185c20":{"id":"d90b9bf6-648d-4df7-8ce1-2af85b185c20","name":"Update alert variable","type":"variable","varId":"bd4c1200-672b-4818-84f1-3daeb28a0aff","usePath":false,"varValue":{"code":"wwFormulas.createObject(\"title\",context.parameters['title'],\"description\",context.parameters['description'],\"displayCta\",context.parameters['cta'],\"ctaText\",context.parameters['cta text'],\"ctaLink\",context.parameters['cta link'],\"display\",context.parameters['display'],\"backgroundColor\",\"#F4F4F5\",\"primaryColor\",\"#3F3F46\",\"secondaryColor\",\"#52525B\",\"icon\",\"icon-exclamation\")","__wwtype":"f"}},"e0424797-e9a9-47a6-9039-edb1066acc66":{"id":"e0424797-e9a9-47a6-9039-edb1066acc66","name":"Update alert variable","type":"variable","varId":"bd4c1200-672b-4818-84f1-3daeb28a0aff","usePath":false,"varValue":{"code":"wwFormulas.createObject(\"title\",context.parameters['title'],\"description\",context.parameters['description'],\"displayCta\",context.parameters['cta'],\"ctaText\",context.parameters['cta text'],\"ctaLink\",context.parameters['cta link'],\"display\",context.parameters['display'],\"backgroundColor\",\"#FFF7ED\",\"primaryColor\",\"#C2410C\",\"secondaryColor\",\"#EA580C\",\"icon\",\"icon-exclamation\")","__wwtype":"f"}},"e6c799b0-d44a-4bb2-972c-3c2f8dadd634":{"id":"e6c799b0-d44a-4bb2-972c-3c2f8dadd634","name":"Update alert variable","type":"variable","varId":"bd4c1200-672b-4818-84f1-3daeb28a0aff","usePath":false,"varValue":{"code":"wwFormulas.createObject(\"title\",context.parameters['title'],\"description\",context.parameters['description'],\"displayCta\",context.parameters['cta'],\"ctaText\",context.parameters['cta text'],\"ctaLink\",context.parameters['cta link'],\"display\",context.parameters['display'],\"backgroundColor\",\"#EFF6FF\",\"primaryColor\",\"#1D4ED8\",\"secondaryColor\",\"#2563EB\",\"icon\",\"icon-information-circle\")","__wwtype":"f"}},"f44d1caa-1dd1-469c-aaa4-1ff39c742d5e":{"id":"f44d1caa-1dd1-469c-aaa4-1ff39c742d5e","name":"What type of alert is it?","next":"31bf692f-e1e5-4d93-9992-7598b3cc6c79","type":"switch","value":{"code":"context.parameters['type']","__wwtype":"f"},"branches":[{"id":"e6c799b0-d44a-4bb2-972c-3c2f8dadd634","value":"info"},{"id":"e0424797-e9a9-47a6-9039-edb1066acc66","value":"warning"},{"id":"ceefd705-6611-44d7-9385-7c00fa3900e5","value":"error"},{"id":"4012a666-8db0-4d27-a7f5-23ec09832bf0","value":"success"},{"id":"d90b9bf6-648d-4df7-8ce1-2af85b185c20","value":"info-neutral"}]}},"firstAction":"31b79d93-05ec-4b27-8195-a42ceb05644c","firstErrorAction":null},{"id":"5bc94c61-b1f5-4815-8da5-adad82289203","parameters":[],"actions":{"00d9df57-a800-48d8-9609-b3b698eabe51":{"id":"00d9df57-a800-48d8-9609-b3b698eabe51","name":"Set the parameter","next":"6e3be7b4-50ed-4c9e-8bd6-769eb67f04df","path":"test_parameter","type":"variable","index":{"code":"context.workflow['9d5ff71d-424e-47e5-99eb-50df67beb519'].loop?.['index']","__wwtype":"f"},"varId":"ea7e8261-3ffc-430a-911f-0a249b9b7fbc","usePath":true,"internal":false,"varValue":{"code":"context.workflow['7e28f3c4-10c0-4e65-9e92-3a3e930bc7a3'].result?.['parameter']?.['id']","__wwtype":"f"},"arrayUpdateType":"update"},"0fffe760-6da4-4486-a501-d28900968afa":{"id":"0fffe760-6da4-4486-a501-d28900968afa","name":"If reported in new format","next":"97df355f-0c46-4fa0-80c7-af5dcac0c835","type":"filter","value":{"code":"variables['d60b64b4-b4fb-4cbf-978f-6b6c97298d4b']?.['use_new_report_format']","name":"Copy of formula","type":"f","__wwtype":"f"}},"1358ed70-c3d0-46ec-ac4a-90852382c000":{"id":"1358ed70-c3d0-46ec-ac4a-90852382c000","name":"Set the automation flag 2","next":"a23440e3-e301-48cc-af34-92b3b2473f68","path":"is_entered_manually","type":"variable","index":{"code":"context.workflow['9d5ff71d-424e-47e5-99eb-50df67beb519'].loop?.['index']","__wwtype":"f"},"varId":"ea7e8261-3ffc-430a-911f-0a249b9b7fbc","usePath":true,"internal":false,"varValue":{"code":"false","__wwtype":"f"},"arrayUpdateType":"update"},"1fbb2353-df3f-4065-a573-63cd7cceb65b":{"id":"1fbb2353-df3f-4065-a573-63cd7cceb65b","name":"Set the automation flag","next":"ed482c50-6d1f-4e9e-bde5-0908d9f18aa7","path":"is_entered_automatically","type":"variable","index":{"code":"context.workflow['9d5ff71d-424e-47e5-99eb-50df67beb519'].loop?.['index']","__wwtype":"f"},"varId":"ea7e8261-3ffc-430a-911f-0a249b9b7fbc","usePath":true,"internal":false,"varValue":{"code":"true","__wwtype":"f"},"arrayUpdateType":"update"},"250f1c91-3054-4790-90d3-d90bd69c1550":{"id":"250f1c91-3054-4790-90d3-d90bd69c1550","name":"Set the map","next":"a82cb6a7-77c8-4094-85a0-ae74a0bea5eb","path":"parameter_map","type":"variable","index":{"code":"context.workflow['9d5ff71d-424e-47e5-99eb-50df67beb519'].loop?.['index']","__wwtype":"f"},"varId":"ea7e8261-3ffc-430a-911f-0a249b9b7fbc","usePath":true,"internal":false,"varValue":{"code":"context.workflow['7e28f3c4-10c0-4e65-9e92-3a3e930bc7a3'].result?.['id']","__wwtype":"f"},"arrayUpdateType":"update"},"2972352c-12b5-41c5-967d-eebc4e079225":{"id":"2972352c-12b5-41c5-967d-eebc4e079225","name":"dictation data","path":"dictation.progress_notes","type":"variable","index":{"code":"context.workflow['9d5ff71d-424e-47e5-99eb-50df67beb519'].loop?.['index']","__wwtype":"f"},"varId":"ea7e8261-3ffc-430a-911f-0a249b9b7fbc","usePath":true,"internal":false,"varValue":{"code":"context.workflow['7e28f3c4-10c0-4e65-9e92-3a3e930bc7a3'].result?.['parameter']?.['default_text_html']","name":"Copy of formula","__wwtype":"f"},"arrayUpdateType":"update"},"39261430-2afd-4c02-8e0c-a2f8f8fd223d":{"id":"39261430-2afd-4c02-8e0c-a2f8f8fd223d","name":"Set the automation flag 2","path":"is_entered_manually","type":"variable","index":{"code":"context.workflow['9d5ff71d-424e-47e5-99eb-50df67beb519'].loop?.['index']","__wwtype":"f"},"varId":"ea7e8261-3ffc-430a-911f-0a249b9b7fbc","usePath":true,"internal":false,"varValue":{"code":"false","__wwtype":"f"},"arrayUpdateType":"update"},"401bd55d-29e7-44c6-a634-10db715cdcea":{"id":"401bd55d-29e7-44c6-a634-10db715cdcea","name":"Set the map","next":"5a22c2ac-df96-4e4f-b9a1-5df6cca3aab1","path":"parameter_map","type":"variable","index":{"code":"context.workflow['9d5ff71d-424e-47e5-99eb-50df67beb519'].loop?.['index']","__wwtype":"f"},"varId":"ea7e8261-3ffc-430a-911f-0a249b9b7fbc","usePath":true,"internal":false,"varValue":{"code":"context.workflow['7e28f3c4-10c0-4e65-9e92-3a3e930bc7a3'].result?.['id']","__wwtype":"f"},"arrayUpdateType":"update"},"445b655f-e3f8-4d37-a5f9-0b3063a65efe":{"id":"445b655f-e3f8-4d37-a5f9-0b3063a65efe","name":"Set the map","next":"79bb5b58-6a7d-456c-bc7f-b6c61a72bad0","path":"parameter_map","type":"variable","index":{"code":"context.workflow['9d5ff71d-424e-47e5-99eb-50df67beb519'].loop?.['index']","__wwtype":"f"},"varId":"ea7e8261-3ffc-430a-911f-0a249b9b7fbc","usePath":true,"internal":false,"varValue":{"code":"context.workflow['7e28f3c4-10c0-4e65-9e92-3a3e930bc7a3'].result?.['id']","__wwtype":"f"},"arrayUpdateType":"update"},"4961ddff-3b33-4476-8ee8-700f7d5a8fee":{"id":"4961ddff-3b33-4476-8ee8-700f7d5a8fee","name":"Set the map","next":"00d9df57-a800-48d8-9609-b3b698eabe51","path":"parameter_map","type":"variable","index":{"code":"context.workflow['9d5ff71d-424e-47e5-99eb-50df67beb519'].loop?.['index']","__wwtype":"f"},"varId":"ea7e8261-3ffc-430a-911f-0a249b9b7fbc","usePath":true,"internal":false,"varValue":{"code":"context.workflow['7e28f3c4-10c0-4e65-9e92-3a3e930bc7a3'].result?.['id']","__wwtype":"f"},"arrayUpdateType":"update"},"49e5c61f-0f6a-420f-952c-666908e682e1":{"id":"49e5c61f-0f6a-420f-952c-666908e682e1","name":"Set the map","next":"d9a5b7ab-8a8f-456a-9631-c89fd46a5fab","path":"parameter_map","type":"variable","index":{"code":"context.workflow['9d5ff71d-424e-47e5-99eb-50df67beb519'].loop?.['index']","__wwtype":"f"},"varId":"ea7e8261-3ffc-430a-911f-0a249b9b7fbc","usePath":true,"internal":false,"varValue":{"code":"context.workflow['7e28f3c4-10c0-4e65-9e92-3a3e930bc7a3'].result?.['id']","__wwtype":"f"},"arrayUpdateType":"update"},"5a22c2ac-df96-4e4f-b9a1-5df6cca3aab1":{"id":"5a22c2ac-df96-4e4f-b9a1-5df6cca3aab1","name":"Set the parameter","next":"badcb1e2-e04b-4ab9-88e2-ed5f69c54884","path":"test_parameter","type":"variable","index":{"code":"context.workflow['9d5ff71d-424e-47e5-99eb-50df67beb519'].loop?.['index']","__wwtype":"f"},"varId":"ea7e8261-3ffc-430a-911f-0a249b9b7fbc","usePath":true,"internal":false,"varValue":{"code":"context.workflow['7e28f3c4-10c0-4e65-9e92-3a3e930bc7a3'].result?.['parameter']?.['id']","__wwtype":"f"},"arrayUpdateType":"update"},"5bb9604d-84a6-4134-bbdb-fac5b80afd57":{"id":"5bb9604d-84a6-4134-bbdb-fac5b80afd57","name":"Set the automation flag","next":"39261430-2afd-4c02-8e0c-a2f8f8fd223d","path":"is_entered_automatically","type":"variable","index":{"code":"context.workflow['9d5ff71d-424e-47e5-99eb-50df67beb519'].loop?.['index']","__wwtype":"f"},"varId":"ea7e8261-3ffc-430a-911f-0a249b9b7fbc","usePath":true,"internal":false,"varValue":{"code":"true","__wwtype":"f"},"arrayUpdateType":"update"},"5ccd5de4-af3f-4cfc-93a6-7792b575aad6":{"id":"5ccd5de4-af3f-4cfc-93a6-7792b575aad6","name":"Set the automation flag 2","next":"957fbcea-3a58-4cb7-b50c-41b89b174fa5","path":"is_entered_manually","type":"variable","index":{"code":"context.workflow['9d5ff71d-424e-47e5-99eb-50df67beb519'].loop?.['index']","__wwtype":"f"},"varId":"ea7e8261-3ffc-430a-911f-0a249b9b7fbc","usePath":true,"internal":false,"varValue":{"code":"false","__wwtype":"f"},"arrayUpdateType":"update"},"60bb9f46-4452-4d25-aa03-6afff841ffaf":{"id":"60bb9f46-4452-4d25-aa03-6afff841ffaf","name":"Set the value","next":"da540885-1c61-42da-adbb-3ba677ace544","path":"value","type":"variable","index":{"code":"context.workflow['9d5ff71d-424e-47e5-99eb-50df67beb519'].loop?.['index']","__wwtype":"f"},"varId":"ea7e8261-3ffc-430a-911f-0a249b9b7fbc","usePath":true,"internal":false,"varValue":{"code":"wwFormulas.getKeyValue(wwFormulas.getByIndex(wwFormulas.sort(wwFormulas.rollup(wwFormulas.filterByKey(context.workflow['97df355f-0c46-4fa0-80c7-af5dcac0c835'].result,\"parameter\",context.workflow['7e28f3c4-10c0-4e65-9e92-3a3e930bc7a3'].result?.['parameter']?.['id']),\"results\"),\"desc\",\"created_at\"),0),\"result_value\")","__wwtype":"f"},"arrayUpdateType":"update"},"6902ebab-3577-492c-a58a-1c317c0d5865":{"id":"6902ebab-3577-492c-a58a-1c317c0d5865","name":"Set the automation flag 2","path":"is_entered_manually","type":"variable","index":{"code":"context.workflow['9d5ff71d-424e-47e5-99eb-50df67beb519'].loop?.['index']","__wwtype":"f"},"varId":"ea7e8261-3ffc-430a-911f-0a249b9b7fbc","usePath":true,"internal":false,"varValue":{"code":"false","__wwtype":"f"},"arrayUpdateType":"update"},"69083806-a513-4d4c-810f-90ae2e37d29b":{"id":"69083806-a513-4d4c-810f-90ae2e37d29b","name":"dictation data","next":"ad5048c5-4af6-41c1-9bd7-c6f90b81901d","path":"dictation.doctor","type":"variable","index":{"code":"context.workflow['9d5ff71d-424e-47e5-99eb-50df67beb519'].loop?.['index']","__wwtype":"f"},"varId":"ea7e8261-3ffc-430a-911f-0a249b9b7fbc","usePath":true,"internal":false,"varValue":{"code":"pluginVariables['1fa0dd68-5069-436c-9a7d-3b54c340f1fa']['user']?.['id']","__wwtype":"f"},"arrayUpdateType":"update"},"6e3be7b4-50ed-4c9e-8bd6-769eb67f04df":{"id":"6e3be7b4-50ed-4c9e-8bd6-769eb67f04df","name":"Set the value","next":"5bb9604d-84a6-4134-bbdb-fac5b80afd57","path":"value","type":"variable","index":{"code":"context.workflow['9d5ff71d-424e-47e5-99eb-50df67beb519'].loop?.['index']","__wwtype":"f"},"varId":"ea7e8261-3ffc-430a-911f-0a249b9b7fbc","usePath":true,"internal":false,"varValue":{"code":"wwFormulas.getKeyValue(wwFormulas.getByIndex(wwFormulas.sort(wwFormulas.rollup(wwFormulas.filterByKey(context.workflow['97df355f-0c46-4fa0-80c7-af5dcac0c835'].result,\"parameter\",context.workflow['7e28f3c4-10c0-4e65-9e92-3a3e930bc7a3'].result?.['parameter']?.['id']),\"results\"),\"desc\",\"created_at\"),0),\"result_value\")","__wwtype":"f"},"arrayUpdateType":"update"},"79bb5b58-6a7d-456c-bc7f-b6c61a72bad0":{"id":"79bb5b58-6a7d-456c-bc7f-b6c61a72bad0","name":"Set the parameter","next":"8249313b-3cba-4a90-97e3-6b3323ca8fa3","path":"test_parameter","type":"variable","index":{"code":"context.workflow['9d5ff71d-424e-47e5-99eb-50df67beb519'].loop?.['index']","__wwtype":"f"},"varId":"ea7e8261-3ffc-430a-911f-0a249b9b7fbc","usePath":true,"internal":false,"varValue":{"code":"context.workflow['7e28f3c4-10c0-4e65-9e92-3a3e930bc7a3'].result?.['parameter']?.['id']","__wwtype":"f"},"arrayUpdateType":"update"},"7b30ae83-0d15-4041-bf03-5163e4ebee35":{"id":"7b30ae83-0d15-4041-bf03-5163e4ebee35","name":"Set the parameter","next":"f90bd41c-189b-4460-b4ca-b731698eb86e","path":"test_parameter","type":"variable","index":{"code":"context.workflow['9d5ff71d-424e-47e5-99eb-50df67beb519'].loop?.['index']","__wwtype":"f"},"varId":"ea7e8261-3ffc-430a-911f-0a249b9b7fbc","usePath":true,"internal":false,"varValue":{"code":"context.workflow['7e28f3c4-10c0-4e65-9e92-3a3e930bc7a3'].result?.['parameter']?.['id']","__wwtype":"f"},"arrayUpdateType":"update"},"7c99b0a0-31fb-4133-ba5c-edb51a500ff7":{"id":"7c99b0a0-31fb-4133-ba5c-edb51a500ff7","name":"Set the parameter","next":"e492c879-2118-41c6-84bc-d360eef1ca7f","path":"test_parameter","type":"variable","index":{"code":"context.workflow['9d5ff71d-424e-47e5-99eb-50df67beb519'].loop?.['index']","__wwtype":"f"},"varId":"ea7e8261-3ffc-430a-911f-0a249b9b7fbc","usePath":true,"internal":false,"varValue":{"code":"context.workflow['7e28f3c4-10c0-4e65-9e92-3a3e930bc7a3'].result?.['parameter']?.['id']","__wwtype":"f"},"arrayUpdateType":"update"},"7d2fc6df-1226-4d40-99de-26ba971b1ec4":{"id":"7d2fc6df-1226-4d40-99de-26ba971b1ec4","name":"Set the parameter","next":"9dbe6646-73b6-48be-830d-71c6d7e1be2c","path":"test_parameter","type":"variable","index":{"code":"context.workflow['9d5ff71d-424e-47e5-99eb-50df67beb519'].loop?.['index']","__wwtype":"f"},"varId":"ea7e8261-3ffc-430a-911f-0a249b9b7fbc","usePath":true,"internal":false,"varValue":{"code":"context.workflow['7e28f3c4-10c0-4e65-9e92-3a3e930bc7a3'].result?.['parameter']?.['id']","__wwtype":"f"},"arrayUpdateType":"update"},"7e28f3c4-10c0-4e65-9e92-3a3e930bc7a3":{"id":"7e28f3c4-10c0-4e65-9e92-3a3e930bc7a3","name":"Current Item","next":"8e2bfd84-fed1-47d5-8565-8fd3ef52ad5b","type":"return","value":{"code":"context.workflow['9d5ff71d-424e-47e5-99eb-50df67beb519'].loop?.['item']","__wwtype":"f"},"valueType":"object"},"8249313b-3cba-4a90-97e3-6b3323ca8fa3":{"id":"8249313b-3cba-4a90-97e3-6b3323ca8fa3","name":"Set the value","next":"f18b7c0d-3a8f-4545-b020-ef8e9e803f7d","path":"value","type":"variable","index":{"code":"context.workflow['9d5ff71d-424e-47e5-99eb-50df67beb519'].loop?.['index']","__wwtype":"f"},"varId":"ea7e8261-3ffc-430a-911f-0a249b9b7fbc","usePath":true,"internal":false,"varValue":{"code":"wwFormulas.getKeyValue(wwFormulas.getByIndex(wwFormulas.sort(wwFormulas.rollup(wwFormulas.filterByKey(context.workflow['97df355f-0c46-4fa0-80c7-af5dcac0c835'].result,\"parameter\",context.workflow['7e28f3c4-10c0-4e65-9e92-3a3e930bc7a3'].result?.['parameter']?.['id']),\"results\"),\"desc\",\"created_at\"),0),\"result_value\")","__wwtype":"f"},"arrayUpdateType":"update"},"8925258b-cce6-4a2d-99b0-ce2d1cab6eb7":{"id":"8925258b-cce6-4a2d-99b0-ce2d1cab6eb7","name":"dictation data","path":"dictation.progress_notes","type":"variable","index":{"code":"context.workflow['9d5ff71d-424e-47e5-99eb-50df67beb519'].loop?.['index']","__wwtype":"f"},"varId":"ea7e8261-3ffc-430a-911f-0a249b9b7fbc","usePath":true,"internal":false,"varValue":{"code":"wwFormulas.getKeyValue(wwFormulas.getByIndex(wwFormulas.sort(wwFormulas.rollup(wwFormulas.filterByKey(context.workflow['97df355f-0c46-4fa0-80c7-af5dcac0c835'].result,\"parameter\",context.workflow['7e28f3c4-10c0-4e65-9e92-3a3e930bc7a3'].result?.['parameter']?.['id']),\"results\"),\"desc\",\"created_at\"),0),\"result_value\")","__wwtype":"f"},"arrayUpdateType":"update"},"8d0c6493-011c-43b0-b0a0-ebf8204d544d":{"id":"8d0c6493-011c-43b0-b0a0-ebf8204d544d","name":"Set the automation flag","next":"f473121e-8bb5-4417-b88d-87b047f168f8","path":"is_entered_automatically","type":"variable","index":{"code":"context.workflow['9d5ff71d-424e-47e5-99eb-50df67beb519'].loop?.['index']","__wwtype":"f"},"varId":"ea7e8261-3ffc-430a-911f-0a249b9b7fbc","usePath":true,"internal":false,"varValue":{"code":"true","__wwtype":"f"},"arrayUpdateType":"update"},"8e2bfd84-fed1-47d5-8565-8fd3ef52ad5b":{"id":"8e2bfd84-fed1-47d5-8565-8fd3ef52ad5b","name":"What Parameter Variant?","type":"switch","value":{"code":"context.workflow['7e28f3c4-10c0-4e65-9e92-3a3e930bc7a3'].result?.['parameter']?.['build_element_type']","__wwtype":"f"},"branches":[{"id":"445b655f-e3f8-4d37-a5f9-0b3063a65efe","value":"VariantA"},{"id":"250f1c91-3054-4790-90d3-d90bd69c1550","value":"VariantB"},{"id":"401bd55d-29e7-44c6-a634-10db715cdcea","value":"VariantC"},{"id":"c43d6e20-9f99-4210-9abc-2a21fa6f4696","value":"VariantD"},{"id":"c9f05880-a65b-495a-aaea-4b15fa6b583d","value":"VariantE"},{"id":"4961ddff-3b33-4476-8ee8-700f7d5a8fee","value":"VariantF"},{"id":"49e5c61f-0f6a-420f-952c-666908e682e1","value":"VariantG"},{"id":"df533ebd-03aa-432a-8941-9a1efda686e4","value":"VariantCALC"},{"value":"VariantAST"}]},"915848c3-366e-49c2-a4ae-fe9829422382":{"id":"915848c3-366e-49c2-a4ae-fe9829422382","name":"Set appropriate ref range","path":"appropriate_reference_range","type":"variable","index":{"code":"context.workflow['9d5ff71d-424e-47e5-99eb-50df67beb519'].loop?.['index']","__wwtype":"f"},"varId":"ea7e8261-3ffc-430a-911f-0a249b9b7fbc","usePath":true,"internal":false,"varValue":{"code":"wwFormulas.switch(wwFormulas.lowercase(variables['1419220b-592b-438a-ba3a-03f47962f1f9']?.['sex']),\"male\",wwFormulas.lookup(true,context.workflow['9d5ff71d-424e-47e5-99eb-50df67beb519'].loop?.['item']?.['parameter']?.['male_reference_ranges'],\"default\")||null,\"female\",wwFormulas.lookup(true,context.workflow['9d5ff71d-424e-47e5-99eb-50df67beb519'].loop?.['item']?.['parameter']?.['female_reference_ranges'],\"default\")||null)","name":"Copy of formula","sort":[],"type":"f","filter":{},"__wwtype":"f"},"arrayUpdateType":"update"},"9251b26a-228e-438c-84c2-b6d574436386":{"id":"9251b26a-228e-438c-84c2-b6d574436386","next":"9d5ff71d-424e-47e5-99eb-50df67beb519","type":"variable","varId":"99601674-caff-4a59-8b4b-82475012119b","internal":false,"varValue":{"code":"context.workflow['97df355f-0c46-4fa0-80c7-af5dcac0c835'].result","__wwtype":"f"}},"957fbcea-3a58-4cb7-b50c-41b89b174fa5":{"id":"957fbcea-3a58-4cb7-b50c-41b89b174fa5","name":"Set appropriate ref range","path":"appropriate_reference_range","type":"variable","index":{"code":"context.workflow['9d5ff71d-424e-47e5-99eb-50df67beb519'].loop?.['index']","__wwtype":"f"},"varId":"ea7e8261-3ffc-430a-911f-0a249b9b7fbc","usePath":true,"internal":false,"varValue":{"code":"wwFormulas.switch(wwFormulas.lowercase(variables['1419220b-592b-438a-ba3a-03f47962f1f9']?.['sex']),\"male\",context.workflow['9d5ff71d-424e-47e5-99eb-50df67beb519'].loop?.['item']?.['parameter']?.['male_reference_ranges'] [0]||null,\"female\",context.workflow['9d5ff71d-424e-47e5-99eb-50df67beb519'].loop?.['item']?.['parameter']?.['female_reference_ranges'] [0]||null)","__wwtype":"f"},"arrayUpdateType":"update"},"97df355f-0c46-4fa0-80c7-af5dcac0c835":{"id":"97df355f-0c46-4fa0-80c7-af5dcac0c835","args":{"params":[{"key":"_booking_id","value":{"code":"variables['3a6e78b3-7df3-426f-a25d-35e52581f578']?.['test_booking']","name":"Copy of formula","type":"f","__wwtype":"f"}},{"key":"_current_test","value":{"code":"variables['d60b64b4-b4fb-4cbf-978f-6b6c97298d4b']?.['id']","__wwtype":"f"}}],"functionName":"get_booking_machine_results_per_parameter"},"name":"Grab all machine results","next":"9251b26a-228e-438c-84c2-b6d574436386","type":"f9ef41c3-1c53-4857-855b-f2f6a40b7186-callPostgresFunction"},"9a2fec8c-14ec-45ad-8714-bda3b831b667":{"id":"9a2fec8c-14ec-45ad-8714-bda3b831b667","name":"Set the value","next":"8925258b-cce6-4a2d-99b0-ce2d1cab6eb7","path":"value","type":"variable","index":{"code":"context.workflow['9d5ff71d-424e-47e5-99eb-50df67beb519'].loop?.['index']","__wwtype":"f"},"varId":"ea7e8261-3ffc-430a-911f-0a249b9b7fbc","usePath":true,"internal":false,"varValue":{"code":"wwFormulas.getKeyValue(wwFormulas.getByIndex(wwFormulas.sort(wwFormulas.rollup(wwFormulas.filterByKey(context.workflow['97df355f-0c46-4fa0-80c7-af5dcac0c835'].result,\"parameter\",context.workflow['7e28f3c4-10c0-4e65-9e92-3a3e930bc7a3'].result?.['parameter']?.['id']),\"results\"),\"desc\",\"created_at\"),0),\"result_value\")","__wwtype":"f"},"arrayUpdateType":"update"},"9d5ff71d-424e-47e5-99eb-50df67beb519":{"id":"9d5ff71d-424e-47e5-99eb-50df67beb519","loop":"7e28f3c4-10c0-4e65-9e92-3a3e930bc7a3","name":"Build result List3 for each List2 item","next":null,"type":"loop","value":{"code":"variables['42ee7908-6307-4791-beb6-6ef059a97e4f']","__wwtype":"f"}},"9dbe6646-73b6-48be-830d-71c6d7e1be2c":{"id":"9dbe6646-73b6-48be-830d-71c6d7e1be2c","name":"Set the value","next":"1fbb2353-df3f-4065-a573-63cd7cceb65b","path":"value","type":"variable","index":{"code":"context.workflow['9d5ff71d-424e-47e5-99eb-50df67beb519'].loop?.['index']","__wwtype":"f"},"varId":"ea7e8261-3ffc-430a-911f-0a249b9b7fbc","usePath":true,"internal":false,"varValue":{"code":"wwFormulas.getKeyValue(wwFormulas.getByIndex(wwFormulas.sort(wwFormulas.rollup(wwFormulas.filterByKey(context.workflow['97df355f-0c46-4fa0-80c7-af5dcac0c835'].result,\"parameter\",context.workflow['7e28f3c4-10c0-4e65-9e92-3a3e930bc7a3'].result?.['parameter']?.['id']),\"results\"),\"desc\",\"created_at\"),0),\"result_value\")","__wwtype":"f"},"arrayUpdateType":"update"},"a23440e3-e301-48cc-af34-92b3b2473f68":{"id":"a23440e3-e301-48cc-af34-92b3b2473f68","name":"Set appropriate ref range","path":"appropriate_reference_range","type":"variable","index":{"code":"context.workflow['9d5ff71d-424e-47e5-99eb-50df67beb519'].loop?.['index']","__wwtype":"f"},"varId":"ea7e8261-3ffc-430a-911f-0a249b9b7fbc","usePath":true,"internal":false,"varValue":{"code":"wwFormulas.switch(wwFormulas.lowercase(variables['1419220b-592b-438a-ba3a-03f47962f1f9']?.['sex']),\"male\",wwFormulas.lookup(true,context.workflow['9d5ff71d-424e-47e5-99eb-50df67beb519'].loop?.['item']?.['parameter']?.['male_reference_ranges'],\"default\")||null,\"female\",wwFormulas.lookup(true,context.workflow['9d5ff71d-424e-47e5-99eb-50df67beb519'].loop?.['item']?.['parameter']?.['female_reference_ranges'],\"default\")||null)","__wwtype":"f"},"arrayUpdateType":"update"},"a82cb6a7-77c8-4094-85a0-ae74a0bea5eb":{"id":"a82cb6a7-77c8-4094-85a0-ae74a0bea5eb","name":"Set the parameter","next":"60bb9f46-4452-4d25-aa03-6afff841ffaf","path":"test_parameter","type":"variable","index":{"code":"context.workflow['9d5ff71d-424e-47e5-99eb-50df67beb519'].loop?.['index']","__wwtype":"f"},"varId":"ea7e8261-3ffc-430a-911f-0a249b9b7fbc","usePath":true,"internal":false,"varValue":{"code":"context.workflow['7e28f3c4-10c0-4e65-9e92-3a3e930bc7a3'].result?.['parameter']?.['id']","__wwtype":"f"},"arrayUpdateType":"update"},"ad5048c5-4af6-41c1-9bd7-c6f90b81901d":{"id":"ad5048c5-4af6-41c1-9bd7-c6f90b81901d","name":"dictation data","next":"fd05186e-bb66-4f8c-8b75-4826de51f832","path":"dictation.no_formatting","type":"variable","index":{"code":"context.workflow['9d5ff71d-424e-47e5-99eb-50df67beb519'].loop?.['index']","__wwtype":"f"},"varId":"ea7e8261-3ffc-430a-911f-0a249b9b7fbc","usePath":true,"internal":false,"varValue":{"code":"false","__wwtype":"f"},"arrayUpdateType":"update"},"badcb1e2-e04b-4ab9-88e2-ed5f69c54884":{"id":"badcb1e2-e04b-4ab9-88e2-ed5f69c54884","name":"Set the value","next":"d9d8fbe5-9c60-4ae2-ad7f-ac7586457c24","path":"value","type":"variable","index":{"code":"context.workflow['9d5ff71d-424e-47e5-99eb-50df67beb519'].loop?.['index']","__wwtype":"f"},"varId":"ea7e8261-3ffc-430a-911f-0a249b9b7fbc","usePath":true,"internal":false,"varValue":{"code":"wwFormulas.getKeyValue(wwFormulas.getByIndex(wwFormulas.sort(wwFormulas.rollup(wwFormulas.filterByKey(context.workflow['97df355f-0c46-4fa0-80c7-af5dcac0c835'].result,\"parameter\",context.workflow['7e28f3c4-10c0-4e65-9e92-3a3e930bc7a3'].result?.['parameter']?.['id']),\"results\"),\"desc\",\"created_at\"),0),\"result_value\")","__wwtype":"f"},"arrayUpdateType":"update"},"c43d6e20-9f99-4210-9abc-2a21fa6f4696":{"id":"c43d6e20-9f99-4210-9abc-2a21fa6f4696","name":"Set the map","next":"7c99b0a0-31fb-4133-ba5c-edb51a500ff7","path":"parameter_map","type":"variable","index":{"code":"context.workflow['9d5ff71d-424e-47e5-99eb-50df67beb519'].loop?.['index']","__wwtype":"f"},"varId":"ea7e8261-3ffc-430a-911f-0a249b9b7fbc","usePath":true,"internal":false,"varValue":{"code":"context.workflow['7e28f3c4-10c0-4e65-9e92-3a3e930bc7a3'].result?.['id']","__wwtype":"f"},"arrayUpdateType":"update"},"c8aef858-ddbb-4960-bec8-fd8b5fe466a6":{"id":"c8aef858-ddbb-4960-bec8-fd8b5fe466a6","name":"Set the automation flag 2","next":"e2f7a951-1316-470d-904b-b91024d4df78","path":"is_entered_manually","type":"variable","index":{"code":"context.workflow['9d5ff71d-424e-47e5-99eb-50df67beb519'].loop?.['index']","__wwtype":"f"},"varId":"ea7e8261-3ffc-430a-911f-0a249b9b7fbc","usePath":true,"internal":false,"varValue":{"code":"false","__wwtype":"f"},"arrayUpdateType":"update"},"c9f05880-a65b-495a-aaea-4b15fa6b583d":{"id":"c9f05880-a65b-495a-aaea-4b15fa6b583d","name":"Set the map","next":"7b30ae83-0d15-4041-bf03-5163e4ebee35","path":"parameter_map","type":"variable","index":{"code":"context.workflow['9d5ff71d-424e-47e5-99eb-50df67beb519'].loop?.['index']","__wwtype":"f"},"varId":"ea7e8261-3ffc-430a-911f-0a249b9b7fbc","usePath":true,"internal":false,"varValue":{"code":"context.workflow['7e28f3c4-10c0-4e65-9e92-3a3e930bc7a3'].result?.['id']","__wwtype":"f"},"arrayUpdateType":"update"},"d39bbcfc-9820-42df-bddd-ca7514337cc6":{"id":"d39bbcfc-9820-42df-bddd-ca7514337cc6","name":"Set the value","next":"2972352c-12b5-41c5-967d-eebc4e079225","path":"value","type":"variable","index":{"code":"context.workflow['9d5ff71d-424e-47e5-99eb-50df67beb519'].loop?.['index']","__wwtype":"f"},"varId":"ea7e8261-3ffc-430a-911f-0a249b9b7fbc","usePath":true,"internal":false,"varValue":{"code":"context.workflow['7e28f3c4-10c0-4e65-9e92-3a3e930bc7a3'].result?.['parameter']?.['default_text_html']","__wwtype":"f"},"arrayUpdateType":"update"},"d9a5b7ab-8a8f-456a-9631-c89fd46a5fab":{"id":"d9a5b7ab-8a8f-456a-9631-c89fd46a5fab","name":"Set the parameter","next":"e2ec8195-911c-43b8-87b7-90c7d19ae2b4","path":"test_parameter","type":"variable","index":{"code":"context.workflow['9d5ff71d-424e-47e5-99eb-50df67beb519'].loop?.['index']","__wwtype":"f"},"varId":"ea7e8261-3ffc-430a-911f-0a249b9b7fbc","usePath":true,"internal":false,"varValue":{"code":"context.workflow['7e28f3c4-10c0-4e65-9e92-3a3e930bc7a3'].result?.['parameter']?.['id']","__wwtype":"f"},"arrayUpdateType":"update"},"d9d8fbe5-9c60-4ae2-ad7f-ac7586457c24":{"id":"d9d8fbe5-9c60-4ae2-ad7f-ac7586457c24","name":"Set the automation flag","next":"1358ed70-c3d0-46ec-ac4a-90852382c000","path":"is_entered_automatically","type":"variable","index":{"code":"context.workflow['9d5ff71d-424e-47e5-99eb-50df67beb519'].loop?.['index']","__wwtype":"f"},"varId":"ea7e8261-3ffc-430a-911f-0a249b9b7fbc","usePath":true,"internal":false,"varValue":{"code":"true","__wwtype":"f"},"arrayUpdateType":"update"},"da540885-1c61-42da-adbb-3ba677ace544":{"id":"da540885-1c61-42da-adbb-3ba677ace544","name":"Set the automation flag","next":"c8aef858-ddbb-4960-bec8-fd8b5fe466a6","path":"is_entered_automatically","type":"variable","index":{"code":"context.workflow['9d5ff71d-424e-47e5-99eb-50df67beb519'].loop?.['index']","__wwtype":"f"},"varId":"ea7e8261-3ffc-430a-911f-0a249b9b7fbc","usePath":true,"internal":false,"varValue":{"code":"true","__wwtype":"f"},"arrayUpdateType":"update"},"df533ebd-03aa-432a-8941-9a1efda686e4":{"id":"df533ebd-03aa-432a-8941-9a1efda686e4","name":"Set the map","next":"7d2fc6df-1226-4d40-99de-26ba971b1ec4","path":"parameter_map","type":"variable","index":{"code":"context.workflow['9d5ff71d-424e-47e5-99eb-50df67beb519'].loop?.['index']","__wwtype":"f"},"varId":"ea7e8261-3ffc-430a-911f-0a249b9b7fbc","usePath":true,"internal":false,"varValue":{"code":"context.workflow['7e28f3c4-10c0-4e65-9e92-3a3e930bc7a3'].result?.['id']","__wwtype":"f"},"arrayUpdateType":"update"},"e2ec8195-911c-43b8-87b7-90c7d19ae2b4":{"id":"e2ec8195-911c-43b8-87b7-90c7d19ae2b4","name":"Set the value","next":"8d0c6493-011c-43b0-b0a0-ebf8204d544d","path":"value","type":"variable","index":{"code":"context.workflow['9d5ff71d-424e-47e5-99eb-50df67beb519'].loop?.['index']","__wwtype":"f"},"varId":"ea7e8261-3ffc-430a-911f-0a249b9b7fbc","usePath":true,"internal":false,"varValue":{"code":"wwFormulas.getKeyValue(wwFormulas.getByIndex(wwFormulas.sort(wwFormulas.rollup(wwFormulas.filterByKey(context.workflow['97df355f-0c46-4fa0-80c7-af5dcac0c835'].result,\"parameter\",context.workflow['7e28f3c4-10c0-4e65-9e92-3a3e930bc7a3'].result?.['parameter']?.['id']),\"results\"),\"desc\",\"created_at\"),0),\"result_value\")","__wwtype":"f"},"arrayUpdateType":"update"},"e2f7a951-1316-470d-904b-b91024d4df78":{"id":"e2f7a951-1316-470d-904b-b91024d4df78","name":"Set appropriate ref range","path":"appropriate_reference_range","type":"variable","index":{"code":"context.workflow['9d5ff71d-424e-47e5-99eb-50df67beb519'].loop?.['index']","__wwtype":"f"},"varId":"ea7e8261-3ffc-430a-911f-0a249b9b7fbc","usePath":true,"internal":false,"varValue":{"code":"wwFormulas.getKeyValue(context.workflow['9d5ff71d-424e-47e5-99eb-50df67beb519'].loop?.['item']?.['parameter'],\"appropriate_reference_range\")||null","__wwtype":"f"},"arrayUpdateType":"update"},"e46061f3-594c-4367-abbb-309a8048e6bd":{"id":"e46061f3-594c-4367-abbb-309a8048e6bd","name":"Set the automation flag","next":"6902ebab-3577-492c-a58a-1c317c0d5865","path":"is_entered_automatically","type":"variable","index":{"code":"context.workflow['9d5ff71d-424e-47e5-99eb-50df67beb519'].loop?.['index']","__wwtype":"f"},"varId":"ea7e8261-3ffc-430a-911f-0a249b9b7fbc","usePath":true,"internal":false,"varValue":{"code":"true","__wwtype":"f"},"arrayUpdateType":"update"},"e492c879-2118-41c6-84bc-d360eef1ca7f":{"id":"e492c879-2118-41c6-84bc-d360eef1ca7f","name":"dictation data","next":"69083806-a513-4d4c-810f-90ae2e37d29b","path":"dictation.patient","type":"variable","index":{"code":"context.workflow['9d5ff71d-424e-47e5-99eb-50df67beb519'].loop?.['index']","__wwtype":"f"},"varId":"ea7e8261-3ffc-430a-911f-0a249b9b7fbc","usePath":true,"internal":false,"varValue":{"code":"variables['1419220b-592b-438a-ba3a-03f47962f1f9']?.['customer_id']","__wwtype":"f"},"arrayUpdateType":"update"},"e777ce76-f35d-4986-a978-b611603be051":{"id":"e777ce76-f35d-4986-a978-b611603be051","name":"Set the automation flag","next":"f23621e7-f803-439f-bfbf-7fd3d01c547d","path":"is_entered_automatically","type":"variable","index":{"code":"context.workflow['9d5ff71d-424e-47e5-99eb-50df67beb519'].loop?.['index']","__wwtype":"f"},"varId":"ea7e8261-3ffc-430a-911f-0a249b9b7fbc","usePath":true,"internal":false,"varValue":{"code":"true","__wwtype":"f"},"arrayUpdateType":"update"},"ed482c50-6d1f-4e9e-bde5-0908d9f18aa7":{"id":"ed482c50-6d1f-4e9e-bde5-0908d9f18aa7","name":"Set the automation flag 2","path":"is_entered_manually","type":"variable","index":{"code":"context.workflow['9d5ff71d-424e-47e5-99eb-50df67beb519'].loop?.['index']","__wwtype":"f"},"varId":"ea7e8261-3ffc-430a-911f-0a249b9b7fbc","usePath":true,"internal":false,"varValue":{"code":"false","__wwtype":"f"},"arrayUpdateType":"update"},"f18b7c0d-3a8f-4545-b020-ef8e9e803f7d":{"id":"f18b7c0d-3a8f-4545-b020-ef8e9e803f7d","name":"Set the automation flag","next":"5ccd5de4-af3f-4cfc-93a6-7792b575aad6","path":"is_entered_automatically","type":"variable","index":{"code":"context.workflow['9d5ff71d-424e-47e5-99eb-50df67beb519'].loop?.['index']","__wwtype":"f"},"varId":"ea7e8261-3ffc-430a-911f-0a249b9b7fbc","usePath":true,"internal":false,"varValue":{"code":"true","__wwtype":"f"},"arrayUpdateType":"update"},"f23621e7-f803-439f-bfbf-7fd3d01c547d":{"id":"f23621e7-f803-439f-bfbf-7fd3d01c547d","name":"Set the automation flag 2","path":"is_entered_manually","type":"variable","index":{"code":"context.workflow['9d5ff71d-424e-47e5-99eb-50df67beb519'].loop?.['index']","__wwtype":"f"},"varId":"ea7e8261-3ffc-430a-911f-0a249b9b7fbc","usePath":true,"internal":false,"varValue":{"code":"false","__wwtype":"f"},"arrayUpdateType":"update"},"f473121e-8bb5-4417-b88d-87b047f168f8":{"id":"f473121e-8bb5-4417-b88d-87b047f168f8","name":"Set the automation flag 2","next":"915848c3-366e-49c2-a4ae-fe9829422382","path":"is_entered_manually","type":"variable","index":{"code":"context.workflow['9d5ff71d-424e-47e5-99eb-50df67beb519'].loop?.['index']","__wwtype":"f"},"varId":"ea7e8261-3ffc-430a-911f-0a249b9b7fbc","usePath":true,"internal":false,"varValue":{"code":"false","__wwtype":"f"},"arrayUpdateType":"update"},"f90bd41c-189b-4460-b4ca-b731698eb86e":{"id":"f90bd41c-189b-4460-b4ca-b731698eb86e","name":"Set the value","next":"e777ce76-f35d-4986-a978-b611603be051","path":"value","type":"variable","index":{"code":"context.workflow['9d5ff71d-424e-47e5-99eb-50df67beb519'].loop?.['index']","__wwtype":"f"},"varId":"ea7e8261-3ffc-430a-911f-0a249b9b7fbc","usePath":true,"internal":false,"varValue":{"code":"wwFormulas.getKeyValue(wwFormulas.getByIndex(wwFormulas.sort(wwFormulas.rollup(wwFormulas.filterByKey(context.workflow['97df355f-0c46-4fa0-80c7-af5dcac0c835'].result,\"parameter\",context.workflow['7e28f3c4-10c0-4e65-9e92-3a3e930bc7a3'].result?.['parameter']?.['id']),\"results\"),\"desc\",\"created_at\"),0),\"result_value\")","__wwtype":"f"},"arrayUpdateType":"update"},"fd05186e-bb66-4f8c-8b75-4826de51f832":{"id":"fd05186e-bb66-4f8c-8b75-4826de51f832","name":"Does it have a machine result?","next":"e46061f3-594c-4367-abbb-309a8048e6bd","type":"if","value":{"code":"wwFormulas.if(wwFormulas.getKeyValue(wwFormulas.getByIndex(wwFormulas.sort(wwFormulas.rollup(wwFormulas.filterByKey(context.workflow['97df355f-0c46-4fa0-80c7-af5dcac0c835'].result,\"parameter\",context.workflow['7e28f3c4-10c0-4e65-9e92-3a3e930bc7a3'].result?.['parameter']?.['id']),\"results\"),\"desc\",\"created_at\"),0),\"result_value\"),true,false)","name":"Copy of formula","sort":[],"type":"f","filter":{},"__wwtype":"f"},"branches":[{"id":"9a2fec8c-14ec-45ad-8714-bda3b831b667","value":true},{"id":"d39bbcfc-9820-42df-bddd-ca7514337cc6","value":false}]}},"firstAction":"0fffe760-6da4-4486-a501-d28900968afa","firstErrorAction":null}],"formulas":[{"id":"5adfda89-36b2-44cc-8e8e-bd09bf0b7690","code":"// Create new audio object\nlet audio = new Audio(audioURL);\n\n// Play the audio\naudio.play();\n\n// Return a success message\nreturn \"Audio played successfully.\";","parameters":[{"name":"audioURL","type":"string"}],"isAsync":false,"type":"js","filter":{},"sort":[]}],"libraryComponents":[]}